skip,case_name,:main_cool_coil_type,:chw_chiller_model,:chw_chiller_eir_fplr_type,:chw_chiller_cop,:chw_cooling_source,:chw_chiller_type,:chw_wc_option,:chw_pump_type,:chw_chiller_condenser,:cool_sizing_factor,:main_hvac_type,:heat_sizing_factor,:hvac_config,:main_atu_reheat_coil_type,:main_atu_reheat_control,:main_fan_rise,:main_heat_coil_type,:main_dx_type,:main_sat_reset_type,:main_sat_temp_max,:main_design_peak_load,:main_oa_econ_type,:main_cool_coil_cop,:main_dx_comp_speed,:main_cool_flow_min_frac,:main_unitary_no_load_flow_method,:main_fan_speed,:main_fan_motor_eff,:main_heat_coil_cop,:main_heat_coil_eff,:main_heat_flow_frac,:hw_boiler_eff,:chw_library_chiller_model,:chw_num_chillers
,NE-Chiller-WtrCldCentChlr-0.695-kwpton-0.44-IPLV,WATER,ReformEIRChiller WC Cent Carrier 19XR 1234kW/5.39COP/VSD,LeavingCondenserWaterTemperature,5.1,CHILLER,ELECTRIC,Reformulated,VARIABLE,WATERCOOLED,1.15,MZ-VAV,1.25,FLOOR,WATER,DUAL-MAX-LIMIT,5.361969['in H2O'],WATER,PNNL,WARMEST-ZONE,60.0['F'],COINCIDENT,FIXED-DRY-BULB,,,,,VARIABLE,0.9,,,0.5,0.805,,
,ReformEIRChiller McQuay WSC 471kW_5.89COP_Vanes,WATER,,LeavingCondenserWaterTemperature,,CHILLER,ELECTRIC,Reformulated,VARIABLE,WATERCOOLED,1.15,MZ-VAV,1.25,FLOOR,WATER,DUAL-MAX-LIMIT,5.361969['in H2O'],WATER,PNNL,WARMEST-ZONE,60.0['F'],COINCIDENT,FIXED-DRY-BULB,,,,,VARIABLE,0.9,,,0.5,0.805,ReformEIRChiller McQuay WSC 471kW/5.89COP/Vanes,1
#,ReformEIRChiller York YT 563kW_10.61COP_Vanes,WATER,,LeavingCondenserWaterTemperature,,CHILLER,ELECTRIC,Reformulated,VARIABLE,WATERCOOLED,1.15,MZ-VAV,1.25,FLOOR,WATER,DUAL-MAX-LIMIT,5.361969['in H2O'],WATER,PNNL,WARMEST-ZONE,60.0['F'],COINCIDENT,FIXED-DRY-BULB,,,,,VARIABLE,0.9,,,0.5,0.805,ReformEIRChiller York YT 563kW/10.61COP/Vanes,1
#,ReformEIRChiller McQuay PEH 703kW_7.03COP_Vanes,WATER,,LeavingCondenserWaterTemperature,,CHILLER,ELECTRIC,Reformulated,VARIABLE,WATERCOOLED,1.15,MZ-VAV,1.25,FLOOR,WATER,DUAL-MAX-LIMIT,5.361969['in H2O'],WATER,PNNL,WARMEST-ZONE,60.0['F'],COINCIDENT,FIXED-DRY-BULB,,,,,VARIABLE,0.9,,,0.5,0.805,ReformEIRChiller McQuay PEH 703kW/7.03COP/Vanes,1
#,ReformEIRChiller Carrier 23XL 724kW_6.04COP_Vanes,WATER,,LeavingCondenserWaterTemperature,,CHILLER,ELECTRIC,Reformulated,VARIABLE,WATERCOOLED,1.15,MZ-VAV,1.25,FLOOR,WATER,DUAL-MAX-LIMIT,5.361969['in H2O'],WATER,PNNL,WARMEST-ZONE,60.0['F'],COINCIDENT,FIXED-DRY-BULB,,,,,VARIABLE,0.9,,,0.5,0.805,ReformEIRChiller Carrier 23XL 724kW/6.04COP/Vanes,1
#,ReformEIRChiller Carrier 19XR 742kW_5.42COP_VSD,WATER,,LeavingCondenserWaterTemperature,,CHILLER,ELECTRIC,Reformulated,VARIABLE,WATERCOOLED,1.15,MZ-VAV,1.25,FLOOR,WATER,DUAL-MAX-LIMIT,5.361969['in H2O'],WATER,PNNL,WARMEST-ZONE,60.0['F'],COINCIDENT,FIXED-DRY-BULB,,,,,VARIABLE,0.9,,,0.5,0.805,ReformEIRChiller Carrier 19XR 742kW/5.42COP/VSD,1
#,ReformEIRChiller McQuay WSC 816kW_6.74COP_Vanes,WATER,,LeavingCondenserWaterTemperature,,CHILLER,ELECTRIC,Reformulated,VARIABLE,WATERCOOLED,1.15,MZ-VAV,1.25,FLOOR,WATER,DUAL-MAX-LIMIT,5.361969['in H2O'],WATER,PNNL,WARMEST-ZONE,60.0['F'],COINCIDENT,FIXED-DRY-BULB,,,,,VARIABLE,0.9,,,0.5,0.805,ReformEIRChiller McQuay WSC 816kW/6.74COP/Vanes,1
#,ReformEIRChiller McQuay PEH 819kW_8.11COP_Vanes,WATER,,LeavingCondenserWaterTemperature,,CHILLER,ELECTRIC,Reformulated,VARIABLE,WATERCOOLED,1.15,MZ-VAV,1.25,FLOOR,WATER,DUAL-MAX-LIMIT,5.361969['in H2O'],WATER,PNNL,WARMEST-ZONE,60.0['F'],COINCIDENT,FIXED-DRY-BULB,,,,,VARIABLE,0.9,,,0.5,0.805,ReformEIRChiller McQuay PEH 819kW/8.11COP/Vanes,1
#,ReformEIRChiller Carrier 19XR 823kW_6.28COP_Vanes,WATER,,LeavingCondenserWaterTemperature,,CHILLER,ELECTRIC,Reformulated,VARIABLE,WATERCOOLED,1.15,MZ-VAV,1.25,FLOOR,WATER,DUAL-MAX-LIMIT,5.361969['in H2O'],WATER,PNNL,WARMEST-ZONE,60.0['F'],COINCIDENT,FIXED-DRY-BULB,,,,,VARIABLE,0.9,,,0.5,0.805,ReformEIRChiller Carrier 19XR 823kW/6.28COP/Vanes,1
#,ReformEIRChiller Carrier 19XR 869kW_5.57COP_VSD,WATER,,LeavingCondenserWaterTemperature,,CHILLER,ELECTRIC,Reformulated,VARIABLE,WATERCOOLED,1.15,MZ-VAV,1.25,FLOOR,WATER,DUAL-MAX-LIMIT,5.361969['in H2O'],WATER,PNNL,WARMEST-ZONE,60.0['F'],COINCIDENT,FIXED-DRY-BULB,,,,,VARIABLE,0.9,,,0.5,0.805,ReformEIRChiller Carrier 19XR 869kW/5.57COP/VSD,1
#,ReformEIRChiller Carrier 19XR 897kW_7.23COP_VSD,WATER,,LeavingCondenserWaterTemperature,,CHILLER,ELECTRIC,Reformulated,VARIABLE,WATERCOOLED,1.15,MZ-VAV,1.25,FLOOR,WATER,DUAL-MAX-LIMIT,5.361969['in H2O'],WATER,PNNL,WARMEST-ZONE,60.0['F'],COINCIDENT,FIXED-DRY-BULB,,,,,VARIABLE,0.9,,,0.5,0.805,ReformEIRChiller Carrier 19XR 897kW/7.23COP/VSD,1
#,ReformEIRChiller Carrier 19XR 897kW_6.50COP_Vanes,WATER,,LeavingCondenserWaterTemperature,,CHILLER,ELECTRIC,Reformulated,VARIABLE,WATERCOOLED,1.15,MZ-VAV,1.25,FLOOR,WATER,DUAL-MAX-LIMIT,5.361969['in H2O'],WATER,PNNL,WARMEST-ZONE,60.0['F'],COINCIDENT,FIXED-DRY-BULB,,,,,VARIABLE,0.9,,,0.5,0.805,ReformEIRChiller Carrier 19XR 897kW/6.50COP/Vanes,1
#,ReformEIRChiller York YT 897kW_7.60COP_VSD,WATER,,LeavingCondenserWaterTemperature,,CHILLER,ELECTRIC,Reformulated,VARIABLE,WATERCOOLED,1.15,MZ-VAV,1.25,FLOOR,WATER,DUAL-MAX-LIMIT,5.361969['in H2O'],WATER,PNNL,WARMEST-ZONE,60.0['F'],COINCIDENT,FIXED-DRY-BULB,,,,,VARIABLE,0.9,,,0.5,0.805,ReformEIRChiller York YT 897kW/7.60COP/VSD,1
#,ReformEIRChiller York YT 897kW_6.27COP_VSD,WATER,,LeavingCondenserWaterTemperature,,CHILLER,ELECTRIC,Reformulated,VARIABLE,WATERCOOLED,1.15,MZ-VAV,1.25,FLOOR,WATER,DUAL-MAX-LIMIT,5.361969['in H2O'],WATER,PNNL,WARMEST-ZONE,60.0['F'],COINCIDENT,FIXED-DRY-BULB,,,,,VARIABLE,0.9,,,0.5,0.805,ReformEIRChiller York YT 897kW/6.27COP/VSD,1
#,ReformEIRChiller Carrier 19XR 897kW_6.23COP_VSD,WATER,,LeavingCondenserWaterTemperature,,CHILLER,ELECTRIC,Reformulated,VARIABLE,WATERCOOLED,1.15,MZ-VAV,1.25,FLOOR,WATER,DUAL-MAX-LIMIT,5.361969['in H2O'],WATER,PNNL,WARMEST-ZONE,60.0['F'],COINCIDENT,FIXED-DRY-BULB,,,,,VARIABLE,0.9,,,0.5,0.805,ReformEIRChiller Carrier 19XR 897kW/6.23COP/VSD,1
#,ReformEIRChiller McQuay PFH 932kW_5.09COP_Vanes,WATER,,LeavingCondenserWaterTemperature,,CHILLER,ELECTRIC,Reformulated,VARIABLE,WATERCOOLED,1.15,MZ-VAV,1.25,FLOOR,WATER,DUAL-MAX-LIMIT,5.361969['in H2O'],WATER,PNNL,WARMEST-ZONE,60.0['F'],COINCIDENT,FIXED-DRY-BULB,,,,,VARIABLE,0.9,,,0.5,0.805,ReformEIRChiller McQuay PFH 932kW/5.09COP/Vanes,1
#,ReformEIRChiller York YT 960kW_4.64COP_Vanes,WATER,,LeavingCondenserWaterTemperature,,CHILLER,ELECTRIC,Reformulated,VARIABLE,WATERCOOLED,1.15,MZ-VAV,1.25,FLOOR,WATER,DUAL-MAX-LIMIT,5.361969['in H2O'],WATER,PNNL,WARMEST-ZONE,60.0['F'],COINCIDENT,FIXED-DRY-BULB,,,,,VARIABLE,0.9,,,0.5,0.805,ReformEIRChiller York YT 960kW/4.64COP/Vanes,1
#,ReformEIRChiller York YT 1023kW_5.81COP_Vanes,WATER,,LeavingCondenserWaterTemperature,,CHILLER,ELECTRIC,Reformulated,VARIABLE,WATERCOOLED,1.15,MZ-VAV,1.25,FLOOR,WATER,DUAL-MAX-LIMIT,5.361969['in H2O'],WATER,PNNL,WARMEST-ZONE,60.0['F'],COINCIDENT,FIXED-DRY-BULB,,,,,VARIABLE,0.9,,,0.5,0.805,ReformEIRChiller York YT 1023kW/5.81COP/Vanes,1
#,ReformEIRChiller McQuay PEH 1030kW_8.58COP_Vanes,WATER,,LeavingCondenserWaterTemperature,,CHILLER,ELECTRIC,Reformulated,VARIABLE,WATERCOOLED,1.15,MZ-VAV,1.25,FLOOR,WATER,DUAL-MAX-LIMIT,5.361969['in H2O'],WATER,PNNL,WARMEST-ZONE,60.0['F'],COINCIDENT,FIXED-DRY-BULB,,,,,VARIABLE,0.9,,,0.5,0.805,ReformEIRChiller McQuay PEH 1030kW/8.58COP/Vanes,1
#,ReformEIRChiller York YT 1048kW_6.06COP_Vanes,WATER,,LeavingCondenserWaterTemperature,,CHILLER,ELECTRIC,Reformulated,VARIABLE,WATERCOOLED,1.15,MZ-VAV,1.25,FLOOR,WATER,DUAL-MAX-LIMIT,5.361969['in H2O'],WATER,PNNL,WARMEST-ZONE,60.0['F'],COINCIDENT,FIXED-DRY-BULB,,,,,VARIABLE,0.9,,,0.5,0.805,ReformEIRChiller York YT 1048kW/6.06COP/Vanes,1
#,ReformEIRChiller York YT 1055kW_5.96COP_Vanes,WATER,,LeavingCondenserWaterTemperature,,CHILLER,ELECTRIC,Reformulated,VARIABLE,WATERCOOLED,1.15,MZ-VAV,1.25,FLOOR,WATER,DUAL-MAX-LIMIT,5.361969['in H2O'],WATER,PNNL,WARMEST-ZONE,60.0['F'],COINCIDENT,FIXED-DRY-BULB,,,,,VARIABLE,0.9,,,0.5,0.805,ReformEIRChiller York YT 1055kW/5.96COP/Vanes,1
#,ReformEIRChiller Carrier 19XR 1076kW_5.52COP_Vanes,WATER,,LeavingCondenserWaterTemperature,,CHILLER,ELECTRIC,Reformulated,VARIABLE,WATERCOOLED,1.15,MZ-VAV,1.25,FLOOR,WATER,DUAL-MAX-LIMIT,5.361969['in H2O'],WATER,PNNL,WARMEST-ZONE,60.0['F'],COINCIDENT,FIXED-DRY-BULB,,,,,VARIABLE,0.9,,,0.5,0.805,ReformEIRChiller Carrier 19XR 1076kW/5.52COP/Vanes,1
#,ReformEIRChiller Trane CVHE 1080kW_7.39COP_Vanes,WATER,,LeavingCondenserWaterTemperature,,CHILLER,ELECTRIC,Reformulated,VARIABLE,WATERCOOLED,1.15,MZ-VAV,1.25,FLOOR,WATER,DUAL-MAX-LIMIT,5.361969['in H2O'],WATER,PNNL,WARMEST-ZONE,60.0['F'],COINCIDENT,FIXED-DRY-BULB,,,,,VARIABLE,0.9,,,0.5,0.805,ReformEIRChiller Trane CVHE 1080kW/7.39COP/Vanes,1
#,ReformEIRChiller York YT 1090kW_7.57COP_VSD,WATER,,LeavingCondenserWaterTemperature,,CHILLER,ELECTRIC,Reformulated,VARIABLE,WATERCOOLED,1.15,MZ-VAV,1.25,FLOOR,WATER,DUAL-MAX-LIMIT,5.361969['in H2O'],WATER,PNNL,WARMEST-ZONE,60.0['F'],COINCIDENT,FIXED-DRY-BULB,,,,,VARIABLE,0.9,,,0.5,0.805,ReformEIRChiller York YT 1090kW/7.57COP/VSD,1
#,ReformEIRChiller McQuay PEH 1104kW_8.00COP_Vanes,WATER,,LeavingCondenserWaterTemperature,,CHILLER,ELECTRIC,Reformulated,VARIABLE,WATERCOOLED,1.15,MZ-VAV,1.25,FLOOR,WATER,DUAL-MAX-LIMIT,5.361969['in H2O'],WATER,PNNL,WARMEST-ZONE,60.0['F'],COINCIDENT,FIXED-DRY-BULB,,,,,VARIABLE,0.9,,,0.5,0.805,ReformEIRChiller McQuay PEH 1104kW/8.00COP/Vanes,1
#,ReformEIRChiller York YT 1125kW_7.92COP_VSD,WATER,,LeavingCondenserWaterTemperature,,CHILLER,ELECTRIC,Reformulated,VARIABLE,WATERCOOLED,1.15,MZ-VAV,1.25,FLOOR,WATER,DUAL-MAX-LIMIT,5.361969['in H2O'],WATER,PNNL,WARMEST-ZONE,60.0['F'],COINCIDENT,FIXED-DRY-BULB,,,,,VARIABLE,0.9,,,0.5,0.805,ReformEIRChiller York YT 1125kW/7.92COP/VSD,1
#,ReformEIRChiller Trane CVHE 1125kW_4.89COP_Vanes,WATER,,LeavingCondenserWaterTemperature,,CHILLER,ELECTRIC,Reformulated,VARIABLE,WATERCOOLED,1.15,MZ-VAV,1.25,FLOOR,WATER,DUAL-MAX-LIMIT,5.361969['in H2O'],WATER,PNNL,WARMEST-ZONE,60.0['F'],COINCIDENT,FIXED-DRY-BULB,,,,,VARIABLE,0.9,,,0.5,0.805,ReformEIRChiller Trane CVHE 1125kW/4.89COP/Vanes,1
#,ReformEIRChiller York YT 1125kW_7.92COP_VSD,WATER,,LeavingCondenserWaterTemperature,,CHILLER,ELECTRIC,Reformulated,VARIABLE,WATERCOOLED,1.15,MZ-VAV,1.25,FLOOR,WATER,DUAL-MAX-LIMIT,5.361969['in H2O'],WATER,PNNL,WARMEST-ZONE,60.0['F'],COINCIDENT,FIXED-DRY-BULB,,,,,VARIABLE,0.9,,,0.5,0.805,ReformEIRChiller York YT 1125kW/7.92COP/VSD,1
#,ReformEIRChiller Trane CVHE 1129kW_7.19COP_Vanes,WATER,,LeavingCondenserWaterTemperature,,CHILLER,ELECTRIC,Reformulated,VARIABLE,WATERCOOLED,1.15,MZ-VAV,1.25,FLOOR,WATER,DUAL-MAX-LIMIT,5.361969['in H2O'],WATER,PNNL,WARMEST-ZONE,60.0['F'],COINCIDENT,FIXED-DRY-BULB,,,,,VARIABLE,0.9,,,0.5,0.805,ReformEIRChiller Trane CVHE 1129kW/7.19COP/Vanes,1
#,ReformEIRChiller Carrier 19XR 1143kW_6.57COP_VSD,WATER,,LeavingCondenserWaterTemperature,,CHILLER,ELECTRIC,Reformulated,VARIABLE,WATERCOOLED,1.15,MZ-VAV,1.25,FLOOR,WATER,DUAL-MAX-LIMIT,5.361969['in H2O'],WATER,PNNL,WARMEST-ZONE,60.0['F'],COINCIDENT,FIXED-DRY-BULB,,,,,VARIABLE,0.9,,,0.5,0.805,ReformEIRChiller Carrier 19XR 1143kW/6.57COP/VSD,1
#,ReformEIRChiller Carrier 19XR 1157kW_5.62COP_VSD,WATER,,LeavingCondenserWaterTemperature,,CHILLER,ELECTRIC,Reformulated,VARIABLE,WATERCOOLED,1.15,MZ-VAV,1.25,FLOOR,WATER,DUAL-MAX-LIMIT,5.361969['in H2O'],WATER,PNNL,WARMEST-ZONE,60.0['F'],COINCIDENT,FIXED-DRY-BULB,,,,,VARIABLE,0.9,,,0.5,0.805,ReformEIRChiller Carrier 19XR 1157kW/5.62COP/VSD,1
#,ReformEIRChiller Carrier 19XR 1196kW_6.50COP_Vanes,WATER,,LeavingCondenserWaterTemperature,,CHILLER,ELECTRIC,Reformulated,VARIABLE,WATERCOOLED,1.15,MZ-VAV,1.25,FLOOR,WATER,DUAL-MAX-LIMIT,5.361969['in H2O'],WATER,PNNL,WARMEST-ZONE,60.0['F'],COINCIDENT,FIXED-DRY-BULB,,,,,VARIABLE,0.9,,,0.5,0.805,ReformEIRChiller Carrier 19XR 1196kW/6.50COP/Vanes,1
#,ReformEIRChiller Carrier 19XR 1213kW_7.78COP_Vanes,WATER,,LeavingCondenserWaterTemperature,,CHILLER,ELECTRIC,Reformulated,VARIABLE,WATERCOOLED,1.15,MZ-VAV,1.25,FLOOR,WATER,DUAL-MAX-LIMIT,5.361969['in H2O'],WATER,PNNL,WARMEST-ZONE,60.0['F'],COINCIDENT,FIXED-DRY-BULB,,,,,VARIABLE,0.9,,,0.5,0.805,ReformEIRChiller Carrier 19XR 1213kW/7.78COP/Vanes,1
#,ReformEIRChiller McQuay PEH 1231kW_6.18COP_Vanes,WATER,,LeavingCondenserWaterTemperature,,CHILLER,ELECTRIC,Reformulated,VARIABLE,WATERCOOLED,1.15,MZ-VAV,1.25,FLOOR,WATER,DUAL-MAX-LIMIT,5.361969['in H2O'],WATER,PNNL,WARMEST-ZONE,60.0['F'],COINCIDENT,FIXED-DRY-BULB,,,,,VARIABLE,0.9,,,0.5,0.805,ReformEIRChiller McQuay PEH 1231kW/6.18COP/Vanes,1
#,ReformEIRChiller Carrier 19XR 1234kW_5.39COP_VSD,WATER,,LeavingCondenserWaterTemperature,,CHILLER,ELECTRIC,Reformulated,VARIABLE,WATERCOOLED,1.15,MZ-VAV,1.25,FLOOR,WATER,DUAL-MAX-LIMIT,5.361969['in H2O'],WATER,PNNL,WARMEST-ZONE,60.0['F'],COINCIDENT,FIXED-DRY-BULB,,,,,VARIABLE,0.9,,,0.5,0.805,ReformEIRChiller Carrier 19XR 1234kW/5.39COP/VSD,1
#,ReformEIRChiller Carrier 19XR 1259kW_6.26COP_Vanes,WATER,,LeavingCondenserWaterTemperature,,CHILLER,ELECTRIC,Reformulated,VARIABLE,WATERCOOLED,1.15,MZ-VAV,1.25,FLOOR,WATER,DUAL-MAX-LIMIT,5.361969['in H2O'],WATER,PNNL,WARMEST-ZONE,60.0['F'],COINCIDENT,FIXED-DRY-BULB,,,,,VARIABLE,0.9,,,0.5,0.805,ReformEIRChiller Carrier 19XR 1259kW/6.26COP/Vanes,1
#,ReformEIRChiller York YK 1259kW_6.45COP_Vanes,WATER,,LeavingCondenserWaterTemperature,,CHILLER,ELECTRIC,Reformulated,VARIABLE,WATERCOOLED,1.15,MZ-VAV,1.25,FLOOR,WATER,DUAL-MAX-LIMIT,5.361969['in H2O'],WATER,PNNL,WARMEST-ZONE,60.0['F'],COINCIDENT,FIXED-DRY-BULB,,,,,VARIABLE,0.9,,,0.5,0.805,ReformEIRChiller York YK 1259kW/6.45COP/Vanes,1
#,ReformEIRChiller York YT 1266kW_4.39COP_Vanes,WATER,,LeavingCondenserWaterTemperature,,CHILLER,ELECTRIC,Reformulated,VARIABLE,WATERCOOLED,1.15,MZ-VAV,1.25,FLOOR,WATER,DUAL-MAX-LIMIT,5.361969['in H2O'],WATER,PNNL,WARMEST-ZONE,60.0['F'],COINCIDENT,FIXED-DRY-BULB,,,,,VARIABLE,0.9,,,0.5,0.805,ReformEIRChiller York YT 1266kW/4.39COP/Vanes,1
#,ReformEIRChiller Carrier 19XR 1284kW_6.20COP_Vanes,WATER,,LeavingCondenserWaterTemperature,,CHILLER,ELECTRIC,Reformulated,VARIABLE,WATERCOOLED,1.15,MZ-VAV,1.25,FLOOR,WATER,DUAL-MAX-LIMIT,5.361969['in H2O'],WATER,PNNL,WARMEST-ZONE,60.0['F'],COINCIDENT,FIXED-DRY-BULB,,,,,VARIABLE,0.9,,,0.5,0.805,ReformEIRChiller Carrier 19XR 1284kW/6.20COP/Vanes,1
#,ReformEIRChiller Carrier 19XR 1294kW_7.61COP_Vanes,WATER,,LeavingCondenserWaterTemperature,,CHILLER,ELECTRIC,Reformulated,VARIABLE,WATERCOOLED,1.15,MZ-VAV,1.25,FLOOR,WATER,DUAL-MAX-LIMIT,5.361969['in H2O'],WATER,PNNL,WARMEST-ZONE,60.0['F'],COINCIDENT,FIXED-DRY-BULB,,,,,VARIABLE,0.9,,,0.5,0.805,ReformEIRChiller Carrier 19XR 1294kW/7.61COP/Vanes,1
#,ReformEIRChiller Trane CVHE 1329kW_5.38COP_Vanes,WATER,,LeavingCondenserWaterTemperature,,CHILLER,ELECTRIC,Reformulated,VARIABLE,WATERCOOLED,1.15,MZ-VAV,1.25,FLOOR,WATER,DUAL-MAX-LIMIT,5.361969['in H2O'],WATER,PNNL,WARMEST-ZONE,60.0['F'],COINCIDENT,FIXED-DRY-BULB,,,,,VARIABLE,0.9,,,0.5,0.805,ReformEIRChiller Trane CVHE 1329kW/5.38COP/Vanes,1
#,ReformEIRChiller Carrier 19XR 1350kW_7.90COP_VSD,WATER,,LeavingCondenserWaterTemperature,,CHILLER,ELECTRIC,Reformulated,VARIABLE,WATERCOOLED,1.15,MZ-VAV,1.25,FLOOR,WATER,DUAL-MAX-LIMIT,5.361969['in H2O'],WATER,PNNL,WARMEST-ZONE,60.0['F'],COINCIDENT,FIXED-DRY-BULB,,,,,VARIABLE,0.9,,,0.5,0.805,ReformEIRChiller Carrier 19XR 1350kW/7.90COP/VSD,1
#,ReformEIRChiller York YT 1368kW_7.35COP_VSD,WATER,,LeavingCondenserWaterTemperature,,CHILLER,ELECTRIC,Reformulated,VARIABLE,WATERCOOLED,1.15,MZ-VAV,1.25,FLOOR,WATER,DUAL-MAX-LIMIT,5.361969['in H2O'],WATER,PNNL,WARMEST-ZONE,60.0['F'],COINCIDENT,FIXED-DRY-BULB,,,,,VARIABLE,0.9,,,0.5,0.805,ReformEIRChiller York YT 1368kW/7.35COP/VSD,1
#,ReformEIRChiller Trane CVHE 1372kW_7.49COP_Vanes,WATER,,LeavingCondenserWaterTemperature,,CHILLER,ELECTRIC,Reformulated,VARIABLE,WATERCOOLED,1.15,MZ-VAV,1.25,FLOOR,WATER,DUAL-MAX-LIMIT,5.361969['in H2O'],WATER,PNNL,WARMEST-ZONE,60.0['F'],COINCIDENT,FIXED-DRY-BULB,,,,,VARIABLE,0.9,,,0.5,0.805,ReformEIRChiller Trane CVHE 1372kW/7.49COP/Vanes,1
#,ReformEIRChiller York YT 1396kW_7.35COP_Vanes,WATER,,LeavingCondenserWaterTemperature,,CHILLER,ELECTRIC,Reformulated,VARIABLE,WATERCOOLED,1.15,MZ-VAV,1.25,FLOOR,WATER,DUAL-MAX-LIMIT,5.361969['in H2O'],WATER,PNNL,WARMEST-ZONE,60.0['F'],COINCIDENT,FIXED-DRY-BULB,,,,,VARIABLE,0.9,,,0.5,0.805,ReformEIRChiller York YT 1396kW/7.35COP/Vanes,1
#,ReformEIRChiller Carrier 19XR 1403kW_7.09COP_VSD,WATER,,LeavingCondenserWaterTemperature,,CHILLER,ELECTRIC,Reformulated,VARIABLE,WATERCOOLED,1.15,MZ-VAV,1.25,FLOOR,WATER,DUAL-MAX-LIMIT,5.361969['in H2O'],WATER,PNNL,WARMEST-ZONE,60.0['F'],COINCIDENT,FIXED-DRY-BULB,,,,,VARIABLE,0.9,,,0.5,0.805,ReformEIRChiller Carrier 19XR 1403kW/7.09COP/VSD,1
#,ReformEIRChiller York YT 1403kW_6.94COP_VSD,WATER,,LeavingCondenserWaterTemperature,,CHILLER,ELECTRIC,Reformulated,VARIABLE,WATERCOOLED,1.15,MZ-VAV,1.25,FLOOR,WATER,DUAL-MAX-LIMIT,5.361969['in H2O'],WATER,PNNL,WARMEST-ZONE,60.0['F'],COINCIDENT,FIXED-DRY-BULB,,,,,VARIABLE,0.9,,,0.5,0.805,ReformEIRChiller York YT 1403kW/6.94COP/VSD,1
#,ReformEIRChiller Trane CVHE 1407kW_7.14COP_VSD,WATER,,LeavingCondenserWaterTemperature,,CHILLER,ELECTRIC,Reformulated,VARIABLE,WATERCOOLED,1.15,MZ-VAV,1.25,FLOOR,WATER,DUAL-MAX-LIMIT,5.361969['in H2O'],WATER,PNNL,WARMEST-ZONE,60.0['F'],COINCIDENT,FIXED-DRY-BULB,,,,,VARIABLE,0.9,,,0.5,0.805,ReformEIRChiller Trane CVHE 1407kW/7.14COP/VSD,1
#,ReformEIRChiller McQuay PFH 1407kW_6.60COP_Vanes,WATER,,LeavingCondenserWaterTemperature,,CHILLER,ELECTRIC,Reformulated,VARIABLE,WATERCOOLED,1.15,MZ-VAV,1.25,FLOOR,WATER,DUAL-MAX-LIMIT,5.361969['in H2O'],WATER,PNNL,WARMEST-ZONE,60.0['F'],COINCIDENT,FIXED-DRY-BULB,,,,,VARIABLE,0.9,,,0.5,0.805,ReformEIRChiller McQuay PFH 1407kW/6.60COP/Vanes,1
#,ReformEIRChiller Carrier 19XR 1407kW_6.04COP_VSD,WATER,,LeavingCondenserWaterTemperature,,CHILLER,ELECTRIC,Reformulated,VARIABLE,WATERCOOLED,1.15,MZ-VAV,1.25,FLOOR,WATER,DUAL-MAX-LIMIT,5.361969['in H2O'],WATER,PNNL,WARMEST-ZONE,60.0['F'],COINCIDENT,FIXED-DRY-BULB,,,,,VARIABLE,0.9,,,0.5,0.805,ReformEIRChiller Carrier 19XR 1407kW/6.04COP/VSD,1
#,ReformEIRChiller Carrier 19XR 1410kW_8.54COP_VSD,WATER,,LeavingCondenserWaterTemperature,,CHILLER,ELECTRIC,Reformulated,VARIABLE,WATERCOOLED,1.15,MZ-VAV,1.25,FLOOR,WATER,DUAL-MAX-LIMIT,5.361969['in H2O'],WATER,PNNL,WARMEST-ZONE,60.0['F'],COINCIDENT,FIXED-DRY-BULB,,,,,VARIABLE,0.9,,,0.5,0.805,ReformEIRChiller Carrier 19XR 1410kW/8.54COP/VSD,1
#,ReformEIRChiller Trane CVHE 1442kW_6.61COP_VSD,WATER,,LeavingCondenserWaterTemperature,,CHILLER,ELECTRIC,Reformulated,VARIABLE,WATERCOOLED,1.15,MZ-VAV,1.25,FLOOR,WATER,DUAL-MAX-LIMIT,5.361969['in H2O'],WATER,PNNL,WARMEST-ZONE,60.0['F'],COINCIDENT,FIXED-DRY-BULB,,,,,VARIABLE,0.9,,,0.5,0.805,ReformEIRChiller Trane CVHE 1442kW/6.61COP/VSD,1
#,ReformEIRChiller York YT 1459kW_6.40COP_VSD,WATER,,LeavingCondenserWaterTemperature,,CHILLER,ELECTRIC,Reformulated,VARIABLE,WATERCOOLED,1.15,MZ-VAV,1.25,FLOOR,WATER,DUAL-MAX-LIMIT,5.361969['in H2O'],WATER,PNNL,WARMEST-ZONE,60.0['F'],COINCIDENT,FIXED-DRY-BULB,,,,,VARIABLE,0.9,,,0.5,0.805,ReformEIRChiller York YT 1459kW/6.40COP/VSD,1
#,ReformEIRChiller Trane CVHE 1484kW_9.96COP_VSD,WATER,,LeavingCondenserWaterTemperature,,CHILLER,ELECTRIC,Reformulated,VARIABLE,WATERCOOLED,1.15,MZ-VAV,1.25,FLOOR,WATER,DUAL-MAX-LIMIT,5.361969['in H2O'],WATER,PNNL,WARMEST-ZONE,60.0['F'],COINCIDENT,FIXED-DRY-BULB,,,,,VARIABLE,0.9,,,0.5,0.805,ReformEIRChiller Trane CVHE 1484kW/9.96COP/VSD,1
#,ReformEIRChiller York YT 1495kW_7.51COP_VSD,WATER,,LeavingCondenserWaterTemperature,,CHILLER,ELECTRIC,Reformulated,VARIABLE,WATERCOOLED,1.15,MZ-VAV,1.25,FLOOR,WATER,DUAL-MAX-LIMIT,5.361969['in H2O'],WATER,PNNL,WARMEST-ZONE,60.0['F'],COINCIDENT,FIXED-DRY-BULB,,,,,VARIABLE,0.9,,,0.5,0.805,ReformEIRChiller York YT 1495kW/7.51COP/VSD,1
#,ReformEIRChiller McQuay WSC 1519kW_7.10COP_Vanes,WATER,,LeavingCondenserWaterTemperature,,CHILLER,ELECTRIC,Reformulated,VARIABLE,WATERCOOLED,1.15,MZ-VAV,1.25,FLOOR,WATER,DUAL-MAX-LIMIT,5.361969['in H2O'],WATER,PNNL,WARMEST-ZONE,60.0['F'],COINCIDENT,FIXED-DRY-BULB,,,,,VARIABLE,0.9,,,0.5,0.805,ReformEIRChiller McQuay WSC 1519kW/7.10COP/Vanes,1
#,ReformEIRChiller Carrier 19XR 1558kW_5.81COP_VSD,WATER,,LeavingCondenserWaterTemperature,,CHILLER,ELECTRIC,Reformulated,VARIABLE,WATERCOOLED,1.15,MZ-VAV,1.25,FLOOR,WATER,DUAL-MAX-LIMIT,5.361969['in H2O'],WATER,PNNL,WARMEST-ZONE,60.0['F'],COINCIDENT,FIXED-DRY-BULB,,,,,VARIABLE,0.9,,,0.5,0.805,ReformEIRChiller Carrier 19XR 1558kW/5.81COP/VSD,1
#,ReformEIRChiller Carrier 19XR 1586kW_5.53COP_VSD,WATER,,LeavingCondenserWaterTemperature,,CHILLER,ELECTRIC,Reformulated,VARIABLE,WATERCOOLED,1.15,MZ-VAV,1.25,FLOOR,WATER,DUAL-MAX-LIMIT,5.361969['in H2O'],WATER,PNNL,WARMEST-ZONE,60.0['F'],COINCIDENT,FIXED-DRY-BULB,,,,,VARIABLE,0.9,,,0.5,0.805,ReformEIRChiller Carrier 19XR 1586kW/5.53COP/VSD,1
#,ReformEIRChiller McQuay PEH 1635kW_7.47COP_Vanes,WATER,,LeavingCondenserWaterTemperature,,CHILLER,ELECTRIC,Reformulated,VARIABLE,WATERCOOLED,1.15,MZ-VAV,1.25,FLOOR,WATER,DUAL-MAX-LIMIT,5.361969['in H2O'],WATER,PNNL,WARMEST-ZONE,60.0['F'],COINCIDENT,FIXED-DRY-BULB,,,,,VARIABLE,0.9,,,0.5,0.805,ReformEIRChiller McQuay PEH 1635kW/7.47COP/Vanes,1
#,ReformEIRChiller Carrier 19XR 1635kW_6.36COP_Vanes,WATER,,LeavingCondenserWaterTemperature,,CHILLER,ELECTRIC,Reformulated,VARIABLE,WATERCOOLED,1.15,MZ-VAV,1.25,FLOOR,WATER,DUAL-MAX-LIMIT,5.361969['in H2O'],WATER,PNNL,WARMEST-ZONE,60.0['F'],COINCIDENT,FIXED-DRY-BULB,,,,,VARIABLE,0.9,,,0.5,0.805,ReformEIRChiller Carrier 19XR 1635kW/6.36COP/Vanes,1
#,ReformEIRChiller Carrier 19XR 1656kW_8.24COP_VSD,WATER,,LeavingCondenserWaterTemperature,,CHILLER,ELECTRIC,Reformulated,VARIABLE,WATERCOOLED,1.15,MZ-VAV,1.25,FLOOR,WATER,DUAL-MAX-LIMIT,5.361969['in H2O'],WATER,PNNL,WARMEST-ZONE,60.0['F'],COINCIDENT,FIXED-DRY-BULB,,,,,VARIABLE,0.9,,,0.5,0.805,ReformEIRChiller Carrier 19XR 1656kW/8.24COP/VSD,1
#,ReformEIRChiller York YT 1663kW_9.34COP_Vanes,WATER,,LeavingCondenserWaterTemperature,,CHILLER,ELECTRIC,Reformulated,VARIABLE,WATERCOOLED,1.15,MZ-VAV,1.25,FLOOR,WATER,DUAL-MAX-LIMIT,5.361969['in H2O'],WATER,PNNL,WARMEST-ZONE,60.0['F'],COINCIDENT,FIXED-DRY-BULB,,,,,VARIABLE,0.9,,,0.5,0.805,ReformEIRChiller York YT 1663kW/9.34COP/Vanes,1
#,ReformEIRChiller Carrier 19XL 1674kW_7.89COP_Vanes,WATER,,LeavingCondenserWaterTemperature,,CHILLER,ELECTRIC,Reformulated,VARIABLE,WATERCOOLED,1.15,MZ-VAV,1.25,FLOOR,WATER,DUAL-MAX-LIMIT,5.361969['in H2O'],WATER,PNNL,WARMEST-ZONE,60.0['F'],COINCIDENT,FIXED-DRY-BULB,,,,,VARIABLE,0.9,,,0.5,0.805,ReformEIRChiller Carrier 19XL 1674kW/7.89COP/Vanes,1
#,ReformEIRChiller Trane CVHF 1681kW_6.59COP_Vanes,WATER,,LeavingCondenserWaterTemperature,,CHILLER,ELECTRIC,Reformulated,VARIABLE,WATERCOOLED,1.15,MZ-VAV,1.25,FLOOR,WATER,DUAL-MAX-LIMIT,5.361969['in H2O'],WATER,PNNL,WARMEST-ZONE,60.0['F'],COINCIDENT,FIXED-DRY-BULB,,,,,VARIABLE,0.9,,,0.5,0.805,ReformEIRChiller Trane CVHF 1681kW/6.59COP/Vanes,1
#,ReformEIRChiller Carrier 19XR 1723kW_8.32COP_VSD,WATER,,LeavingCondenserWaterTemperature,,CHILLER,ELECTRIC,Reformulated,VARIABLE,WATERCOOLED,1.15,MZ-VAV,1.25,FLOOR,WATER,DUAL-MAX-LIMIT,5.361969['in H2O'],WATER,PNNL,WARMEST-ZONE,60.0['F'],COINCIDENT,FIXED-DRY-BULB,,,,,VARIABLE,0.9,,,0.5,0.805,ReformEIRChiller Carrier 19XR 1723kW/8.32COP/VSD,1
#,ReformEIRChiller Carrier 19XR 1727kW_9.04COP_Vanes,WATER,,LeavingCondenserWaterTemperature,,CHILLER,ELECTRIC,Reformulated,VARIABLE,WATERCOOLED,1.15,MZ-VAV,1.25,FLOOR,WATER,DUAL-MAX-LIMIT,5.361969['in H2O'],WATER,PNNL,WARMEST-ZONE,60.0['F'],COINCIDENT,FIXED-DRY-BULB,,,,,VARIABLE,0.9,,,0.5,0.805,ReformEIRChiller Carrier 19XR 1727kW/9.04COP/Vanes,1
#,ReformEIRChiller McQuay WSC 1751kW_6.73COP_Vanes,WATER,,LeavingCondenserWaterTemperature,,CHILLER,ELECTRIC,Reformulated,VARIABLE,WATERCOOLED,1.15,MZ-VAV,1.25,FLOOR,WATER,DUAL-MAX-LIMIT,5.361969['in H2O'],WATER,PNNL,WARMEST-ZONE,60.0['F'],COINCIDENT,FIXED-DRY-BULB,,,,,VARIABLE,0.9,,,0.5,0.805,ReformEIRChiller McQuay WSC 1751kW/6.73COP/Vanes,1
#,ReformEIRChiller Trane CVHF 1758kW_5.96COP_Vanes,WATER,,LeavingCondenserWaterTemperature,,CHILLER,ELECTRIC,Reformulated,VARIABLE,WATERCOOLED,1.15,MZ-VAV,1.25,FLOOR,WATER,DUAL-MAX-LIMIT,5.361969['in H2O'],WATER,PNNL,WARMEST-ZONE,60.0['F'],COINCIDENT,FIXED-DRY-BULB,,,,,VARIABLE,0.9,,,0.5,0.805,ReformEIRChiller Trane CVHF 1758kW/5.96COP/Vanes,1
#,ReformEIRChiller York YT 1758kW_5.76COP_VSD,WATER,,LeavingCondenserWaterTemperature,,CHILLER,ELECTRIC,Reformulated,VARIABLE,WATERCOOLED,1.15,MZ-VAV,1.25,FLOOR,WATER,DUAL-MAX-LIMIT,5.361969['in H2O'],WATER,PNNL,WARMEST-ZONE,60.0['F'],COINCIDENT,FIXED-DRY-BULB,,,,,VARIABLE,0.9,,,0.5,0.805,ReformEIRChiller York YT 1758kW/5.76COP/VSD,1
#,ReformEIRChiller York YT 1758kW_6.26COP_Vanes,WATER,,LeavingCondenserWaterTemperature,,CHILLER,ELECTRIC,Reformulated,VARIABLE,WATERCOOLED,1.15,MZ-VAV,1.25,FLOOR,WATER,DUAL-MAX-LIMIT,5.361969['in H2O'],WATER,PNNL,WARMEST-ZONE,60.0['F'],COINCIDENT,FIXED-DRY-BULB,,,,,VARIABLE,0.9,,,0.5,0.805,ReformEIRChiller York YT 1758kW/6.26COP/Vanes,1
#,ReformEIRChiller York YT 1758kW_5.96COP_Vanes,WATER,,LeavingCondenserWaterTemperature,,CHILLER,ELECTRIC,Reformulated,VARIABLE,WATERCOOLED,1.15,MZ-VAV,1.25,FLOOR,WATER,DUAL-MAX-LIMIT,5.361969['in H2O'],WATER,PNNL,WARMEST-ZONE,60.0['F'],COINCIDENT,FIXED-DRY-BULB,,,,,VARIABLE,0.9,,,0.5,0.805,ReformEIRChiller York YT 1758kW/5.96COP/Vanes,1
#,ReformEIRChiller Trane CVHE 1758kW_5.96COP_Vanes,WATER,,LeavingCondenserWaterTemperature,,CHILLER,ELECTRIC,Reformulated,VARIABLE,WATERCOOLED,1.15,MZ-VAV,1.25,FLOOR,WATER,DUAL-MAX-LIMIT,5.361969['in H2O'],WATER,PNNL,WARMEST-ZONE,60.0['F'],COINCIDENT,FIXED-DRY-BULB,,,,,VARIABLE,0.9,,,0.5,0.805,ReformEIRChiller Trane CVHE 1758kW/5.96COP/Vanes,1
#,ReformEIRChiller York YT 1758kW_6.28COP_Vanes,WATER,,LeavingCondenserWaterTemperature,,CHILLER,ELECTRIC,Reformulated,VARIABLE,WATERCOOLED,1.15,MZ-VAV,1.25,FLOOR,WATER,DUAL-MAX-LIMIT,5.361969['in H2O'],WATER,PNNL,WARMEST-ZONE,60.0['F'],COINCIDENT,FIXED-DRY-BULB,,,,,VARIABLE,0.9,,,0.5,0.805,ReformEIRChiller York YT 1758kW/6.28COP/Vanes,1
#,ReformEIRChiller Carrier 19XR 1758kW_5.86COP_VSD,WATER,,LeavingCondenserWaterTemperature,,CHILLER,ELECTRIC,Reformulated,VARIABLE,WATERCOOLED,1.15,MZ-VAV,1.25,FLOOR,WATER,DUAL-MAX-LIMIT,5.361969['in H2O'],WATER,PNNL,WARMEST-ZONE,60.0['F'],COINCIDENT,FIXED-DRY-BULB,,,,,VARIABLE,0.9,,,0.5,0.805,ReformEIRChiller Carrier 19XR 1758kW/5.86COP/VSD,1
#,ReformEIRChiller Trane CVHF 1758kW_6.46COP_VSD,WATER,,LeavingCondenserWaterTemperature,,CHILLER,ELECTRIC,Reformulated,VARIABLE,WATERCOOLED,1.15,MZ-VAV,1.25,FLOOR,WATER,DUAL-MAX-LIMIT,5.361969['in H2O'],WATER,PNNL,WARMEST-ZONE,60.0['F'],COINCIDENT,FIXED-DRY-BULB,,,,,VARIABLE,0.9,,,0.5,0.805,ReformEIRChiller Trane CVHF 1758kW/6.46COP/VSD,1
#,ReformEIRChiller Trane CVHF 1758kW_6.87COP_Vanes,WATER,,LeavingCondenserWaterTemperature,,CHILLER,ELECTRIC,Reformulated,VARIABLE,WATERCOOLED,1.15,MZ-VAV,1.25,FLOOR,WATER,DUAL-MAX-LIMIT,5.361969['in H2O'],WATER,PNNL,WARMEST-ZONE,60.0['F'],COINCIDENT,FIXED-DRY-BULB,,,,,VARIABLE,0.9,,,0.5,0.805,ReformEIRChiller Trane CVHF 1758kW/6.87COP/Vanes,1
#,ReformEIRChiller Carrier 19XR 1776kW_8.00COP_Vanes,WATER,,LeavingCondenserWaterTemperature,,CHILLER,ELECTRIC,Reformulated,VARIABLE,WATERCOOLED,1.15,MZ-VAV,1.25,FLOOR,WATER,DUAL-MAX-LIMIT,5.361969['in H2O'],WATER,PNNL,WARMEST-ZONE,60.0['F'],COINCIDENT,FIXED-DRY-BULB,,,,,VARIABLE,0.9,,,0.5,0.805,ReformEIRChiller Carrier 19XR 1776kW/8.00COP/Vanes,1
#,ReformEIRChiller Carrier 19XL 1779kW_6.18COP_Vanes,WATER,,LeavingCondenserWaterTemperature,,CHILLER,ELECTRIC,Reformulated,VARIABLE,WATERCOOLED,1.15,MZ-VAV,1.25,FLOOR,WATER,DUAL-MAX-LIMIT,5.361969['in H2O'],WATER,PNNL,WARMEST-ZONE,60.0['F'],COINCIDENT,FIXED-DRY-BULB,,,,,VARIABLE,0.9,,,0.5,0.805,ReformEIRChiller Carrier 19XL 1779kW/6.18COP/Vanes,1
#,ReformEIRChiller Trane CVHF 1779kW_6.18COP_Vanes,WATER,,LeavingCondenserWaterTemperature,,CHILLER,ELECTRIC,Reformulated,VARIABLE,WATERCOOLED,1.15,MZ-VAV,1.25,FLOOR,WATER,DUAL-MAX-LIMIT,5.361969['in H2O'],WATER,PNNL,WARMEST-ZONE,60.0['F'],COINCIDENT,FIXED-DRY-BULB,,,,,VARIABLE,0.9,,,0.5,0.805,ReformEIRChiller Trane CVHF 1779kW/6.18COP/Vanes,1
#,ReformEIRChiller York YT 1794kW_8.11COP_Vanes,WATER,,LeavingCondenserWaterTemperature,,CHILLER,ELECTRIC,Reformulated,VARIABLE,WATERCOOLED,1.15,MZ-VAV,1.25,FLOOR,WATER,DUAL-MAX-LIMIT,5.361969['in H2O'],WATER,PNNL,WARMEST-ZONE,60.0['F'],COINCIDENT,FIXED-DRY-BULB,,,,,VARIABLE,0.9,,,0.5,0.805,ReformEIRChiller York YT 1794kW/8.11COP/Vanes,1
#,ReformEIRChiller York YT 1794kW_7.90COP_VSD,WATER,,LeavingCondenserWaterTemperature,,CHILLER,ELECTRIC,Reformulated,VARIABLE,WATERCOOLED,1.15,MZ-VAV,1.25,FLOOR,WATER,DUAL-MAX-LIMIT,5.361969['in H2O'],WATER,PNNL,WARMEST-ZONE,60.0['F'],COINCIDENT,FIXED-DRY-BULB,,,,,VARIABLE,0.9,,,0.5,0.805,ReformEIRChiller York YT 1794kW/7.90COP/VSD,1
#,ReformEIRChiller Carrier 19XL 1797kW_5.69COP_Vanes,WATER,,LeavingCondenserWaterTemperature,,CHILLER,ELECTRIC,Reformulated,VARIABLE,WATERCOOLED,1.15,MZ-VAV,1.25,FLOOR,WATER,DUAL-MAX-LIMIT,5.361969['in H2O'],WATER,PNNL,WARMEST-ZONE,60.0['F'],COINCIDENT,FIXED-DRY-BULB,,,,,VARIABLE,0.9,,,0.5,0.805,ReformEIRChiller Carrier 19XL 1797kW/5.69COP/Vanes,1
#,ReformEIRChiller Carrier 19XR 1801kW_6.34COP_VSD,WATER,,LeavingCondenserWaterTemperature,,CHILLER,ELECTRIC,Reformulated,VARIABLE,WATERCOOLED,1.15,MZ-VAV,1.25,FLOOR,WATER,DUAL-MAX-LIMIT,5.361969['in H2O'],WATER,PNNL,WARMEST-ZONE,60.0['F'],COINCIDENT,FIXED-DRY-BULB,,,,,VARIABLE,0.9,,,0.5,0.805,ReformEIRChiller Carrier 19XR 1801kW/6.34COP/VSD,1
#,ReformEIRChiller York YT 1867kW_10.09COP_Vanes,WATER,,LeavingCondenserWaterTemperature,,CHILLER,ELECTRIC,Reformulated,VARIABLE,WATERCOOLED,1.15,MZ-VAV,1.25,FLOOR,WATER,DUAL-MAX-LIMIT,5.361969['in H2O'],WATER,PNNL,WARMEST-ZONE,60.0['F'],COINCIDENT,FIXED-DRY-BULB,,,,,VARIABLE,0.9,,,0.5,0.805,ReformEIRChiller York YT 1867kW/10.09COP/Vanes,1
#,ReformEIRChiller Carrier 19XL 1871kW_6.49COP_Vanes,WATER,,LeavingCondenserWaterTemperature,,CHILLER,ELECTRIC,Reformulated,VARIABLE,WATERCOOLED,1.15,MZ-VAV,1.25,FLOOR,WATER,DUAL-MAX-LIMIT,5.361969['in H2O'],WATER,PNNL,WARMEST-ZONE,60.0['F'],COINCIDENT,FIXED-DRY-BULB,,,,,VARIABLE,0.9,,,0.5,0.805,ReformEIRChiller Carrier 19XL 1871kW/6.49COP/Vanes,1
#,ReformEIRChiller York YT 1881kW_6.77COP_VSD,WATER,,LeavingCondenserWaterTemperature,,CHILLER,ELECTRIC,Reformulated,VARIABLE,WATERCOOLED,1.15,MZ-VAV,1.25,FLOOR,WATER,DUAL-MAX-LIMIT,5.361969['in H2O'],WATER,PNNL,WARMEST-ZONE,60.0['F'],COINCIDENT,FIXED-DRY-BULB,,,,,VARIABLE,0.9,,,0.5,0.805,ReformEIRChiller York YT 1881kW/6.77COP/VSD,1
#,ReformEIRChiller York YK 1881kW_6.53COP_Vanes,WATER,,LeavingCondenserWaterTemperature,,CHILLER,ELECTRIC,Reformulated,VARIABLE,WATERCOOLED,1.15,MZ-VAV,1.25,FLOOR,WATER,DUAL-MAX-LIMIT,5.361969['in H2O'],WATER,PNNL,WARMEST-ZONE,60.0['F'],COINCIDENT,FIXED-DRY-BULB,,,,,VARIABLE,0.9,,,0.5,0.805,ReformEIRChiller York YK 1881kW/6.53COP/Vanes,1
#,ReformEIRChiller York YK 1881kW_6.53COP_Vanes,WATER,,LeavingCondenserWaterTemperature,,CHILLER,ELECTRIC,Reformulated,VARIABLE,WATERCOOLED,1.15,MZ-VAV,1.25,FLOOR,WATER,DUAL-MAX-LIMIT,5.361969['in H2O'],WATER,PNNL,WARMEST-ZONE,60.0['F'],COINCIDENT,FIXED-DRY-BULB,,,,,VARIABLE,0.9,,,0.5,0.805,ReformEIRChiller York YK 1881kW/6.53COP/Vanes,1
#,ReformEIRChiller McQuay PEH 1895kW_6.42COP_Vanes,WATER,,LeavingCondenserWaterTemperature,,CHILLER,ELECTRIC,Reformulated,VARIABLE,WATERCOOLED,1.15,MZ-VAV,1.25,FLOOR,WATER,DUAL-MAX-LIMIT,5.361969['in H2O'],WATER,PNNL,WARMEST-ZONE,60.0['F'],COINCIDENT,FIXED-DRY-BULB,,,,,VARIABLE,0.9,,,0.5,0.805,ReformEIRChiller McQuay PEH 1895kW/6.42COP/Vanes,1
#,ReformEIRChiller York YT 1934kW_7.55COP_Vanes,WATER,,LeavingCondenserWaterTemperature,,CHILLER,ELECTRIC,Reformulated,VARIABLE,WATERCOOLED,1.15,MZ-VAV,1.25,FLOOR,WATER,DUAL-MAX-LIMIT,5.361969['in H2O'],WATER,PNNL,WARMEST-ZONE,60.0['F'],COINCIDENT,FIXED-DRY-BULB,,,,,VARIABLE,0.9,,,0.5,0.805,ReformEIRChiller York YT 1934kW/7.55COP/Vanes,1
#,ReformEIRChiller McQuay PEH 1934kW_6.01COP_Vanes,WATER,,LeavingCondenserWaterTemperature,,CHILLER,ELECTRIC,Reformulated,VARIABLE,WATERCOOLED,1.15,MZ-VAV,1.25,FLOOR,WATER,DUAL-MAX-LIMIT,5.361969['in H2O'],WATER,PNNL,WARMEST-ZONE,60.0['F'],COINCIDENT,FIXED-DRY-BULB,,,,,VARIABLE,0.9,,,0.5,0.805,ReformEIRChiller McQuay PEH 1934kW/6.01COP/Vanes,1
#,ReformEIRChiller McQuay WDC 1973kW_6.28COP_Vanes,WATER,,LeavingCondenserWaterTemperature,,CHILLER,ELECTRIC,Reformulated,VARIABLE,WATERCOOLED,1.15,MZ-VAV,1.25,FLOOR,WATER,DUAL-MAX-LIMIT,5.361969['in H2O'],WATER,PNNL,WARMEST-ZONE,60.0['F'],COINCIDENT,FIXED-DRY-BULB,,,,,VARIABLE,0.9,,,0.5,0.805,ReformEIRChiller McQuay WDC 1973kW/6.28COP/Vanes,1
#,ReformEIRChiller York YK 1997kW_7.24COP_Vanes,WATER,,LeavingCondenserWaterTemperature,,CHILLER,ELECTRIC,Reformulated,VARIABLE,WATERCOOLED,1.15,MZ-VAV,1.25,FLOOR,WATER,DUAL-MAX-LIMIT,5.361969['in H2O'],WATER,PNNL,WARMEST-ZONE,60.0['F'],COINCIDENT,FIXED-DRY-BULB,,,,,VARIABLE,0.9,,,0.5,0.805,ReformEIRChiller York YK 1997kW/7.24COP/Vanes,1
#,ReformEIRChiller McQuay PFH 2043kW_8.44COP_Vanes,WATER,,LeavingCondenserWaterTemperature,,CHILLER,ELECTRIC,Reformulated,VARIABLE,WATERCOOLED,1.15,MZ-VAV,1.25,FLOOR,WATER,DUAL-MAX-LIMIT,5.361969['in H2O'],WATER,PNNL,WARMEST-ZONE,60.0['F'],COINCIDENT,FIXED-DRY-BULB,,,,,VARIABLE,0.9,,,0.5,0.805,ReformEIRChiller McQuay PFH 2043kW/8.44COP/Vanes,1
#,ReformEIRChiller Trane CVHF 2043kW_9.08COP_Vanes,WATER,,LeavingCondenserWaterTemperature,,CHILLER,ELECTRIC,Reformulated,VARIABLE,WATERCOOLED,1.15,MZ-VAV,1.25,FLOOR,WATER,DUAL-MAX-LIMIT,5.361969['in H2O'],WATER,PNNL,WARMEST-ZONE,60.0['F'],COINCIDENT,FIXED-DRY-BULB,,,,,VARIABLE,0.9,,,0.5,0.805,ReformEIRChiller Trane CVHF 2043kW/9.08COP/Vanes,1
#,ReformEIRChiller Carrier 19XL 2057kW_6.05COP_Vanes,WATER,,LeavingCondenserWaterTemperature,,CHILLER,ELECTRIC,Reformulated,VARIABLE,WATERCOOLED,1.15,MZ-VAV,1.25,FLOOR,WATER,DUAL-MAX-LIMIT,5.361969['in H2O'],WATER,PNNL,WARMEST-ZONE,60.0['F'],COINCIDENT,FIXED-DRY-BULB,,,,,VARIABLE,0.9,,,0.5,0.805,ReformEIRChiller Carrier 19XL 2057kW/6.05COP/Vanes,1
#,ReformEIRChiller York YT 2110kW_7.15COP_Vanes,WATER,,LeavingCondenserWaterTemperature,,CHILLER,ELECTRIC,Reformulated,VARIABLE,WATERCOOLED,1.15,MZ-VAV,1.25,FLOOR,WATER,DUAL-MAX-LIMIT,5.361969['in H2O'],WATER,PNNL,WARMEST-ZONE,60.0['F'],COINCIDENT,FIXED-DRY-BULB,,,,,VARIABLE,0.9,,,0.5,0.805,ReformEIRChiller York YT 2110kW/7.15COP/Vanes,1
#,ReformEIRChiller McQuay PFH 2124kW_6.03COP_Vanes,WATER,,LeavingCondenserWaterTemperature,,CHILLER,ELECTRIC,Reformulated,VARIABLE,WATERCOOLED,1.15,MZ-VAV,1.25,FLOOR,WATER,DUAL-MAX-LIMIT,5.361969['in H2O'],WATER,PNNL,WARMEST-ZONE,60.0['F'],COINCIDENT,FIXED-DRY-BULB,,,,,VARIABLE,0.9,,,0.5,0.805,ReformEIRChiller McQuay PFH 2124kW/6.03COP/Vanes,1
#,ReformEIRChiller York YK 2159kW_6.85COP_Vanes,WATER,,LeavingCondenserWaterTemperature,,CHILLER,ELECTRIC,Reformulated,VARIABLE,WATERCOOLED,1.15,MZ-VAV,1.25,FLOOR,WATER,DUAL-MAX-LIMIT,5.361969['in H2O'],WATER,PNNL,WARMEST-ZONE,60.0['F'],COINCIDENT,FIXED-DRY-BULB,,,,,VARIABLE,0.9,,,0.5,0.805,ReformEIRChiller York YK 2159kW/6.85COP/Vanes,1
#,ReformEIRChiller Trane CVHF 2184kW_6.78COP_Vanes,WATER,,LeavingCondenserWaterTemperature,,CHILLER,ELECTRIC,Reformulated,VARIABLE,WATERCOOLED,1.15,MZ-VAV,1.25,FLOOR,WATER,DUAL-MAX-LIMIT,5.361969['in H2O'],WATER,PNNL,WARMEST-ZONE,60.0['F'],COINCIDENT,FIXED-DRY-BULB,,,,,VARIABLE,0.9,,,0.5,0.805,ReformEIRChiller Trane CVHF 2184kW/6.78COP/Vanes,1
#,ReformEIRChiller York YK 2201kW_6.69COP_Vanes,WATER,,LeavingCondenserWaterTemperature,,CHILLER,ELECTRIC,Reformulated,VARIABLE,WATERCOOLED,1.15,MZ-VAV,1.25,FLOOR,WATER,DUAL-MAX-LIMIT,5.361969['in H2O'],WATER,PNNL,WARMEST-ZONE,60.0['F'],COINCIDENT,FIXED-DRY-BULB,,,,,VARIABLE,0.9,,,0.5,0.805,ReformEIRChiller York YK 2201kW/6.69COP/Vanes,1
#,ReformEIRChiller York YT 2233kW_9.54COP_VSD,WATER,,LeavingCondenserWaterTemperature,,CHILLER,ELECTRIC,Reformulated,VARIABLE,WATERCOOLED,1.15,MZ-VAV,1.25,FLOOR,WATER,DUAL-MAX-LIMIT,5.361969['in H2O'],WATER,PNNL,WARMEST-ZONE,60.0['F'],COINCIDENT,FIXED-DRY-BULB,,,,,VARIABLE,0.9,,,0.5,0.805,ReformEIRChiller York YT 2233kW/9.54COP/VSD,1
#,ReformEIRChiller York YT 2233kW_9.54COP_VSD,WATER,,LeavingCondenserWaterTemperature,,CHILLER,ELECTRIC,Reformulated,VARIABLE,WATERCOOLED,1.15,MZ-VAV,1.25,FLOOR,WATER,DUAL-MAX-LIMIT,5.361969['in H2O'],WATER,PNNL,WARMEST-ZONE,60.0['F'],COINCIDENT,FIXED-DRY-BULB,,,,,VARIABLE,0.9,,,0.5,0.805,ReformEIRChiller York YT 2233kW/9.54COP/VSD,1
#,ReformEIRChiller York YK 2237kW_6.41COP_Vanes,WATER,,LeavingCondenserWaterTemperature,,CHILLER,ELECTRIC,Reformulated,VARIABLE,WATERCOOLED,1.15,MZ-VAV,1.25,FLOOR,WATER,DUAL-MAX-LIMIT,5.361969['in H2O'],WATER,PNNL,WARMEST-ZONE,60.0['F'],COINCIDENT,FIXED-DRY-BULB,,,,,VARIABLE,0.9,,,0.5,0.805,ReformEIRChiller York YK 2237kW/6.41COP/Vanes,1
#,ReformEIRChiller York YK 2275kW_6.32COP_Vanes,WATER,,LeavingCondenserWaterTemperature,,CHILLER,ELECTRIC,Reformulated,VARIABLE,WATERCOOLED,1.15,MZ-VAV,1.25,FLOOR,WATER,DUAL-MAX-LIMIT,5.361969['in H2O'],WATER,PNNL,WARMEST-ZONE,60.0['F'],COINCIDENT,FIXED-DRY-BULB,,,,,VARIABLE,0.9,,,0.5,0.805,ReformEIRChiller York YK 2275kW/6.32COP/Vanes,1
#,ReformEIRChiller York YK 2275kW_6.32COP_Vanes,WATER,,LeavingCondenserWaterTemperature,,CHILLER,ELECTRIC,Reformulated,VARIABLE,WATERCOOLED,1.15,MZ-VAV,1.25,FLOOR,WATER,DUAL-MAX-LIMIT,5.361969['in H2O'],WATER,PNNL,WARMEST-ZONE,60.0['F'],COINCIDENT,FIXED-DRY-BULB,,,,,VARIABLE,0.9,,,0.5,0.805,ReformEIRChiller York YK 2275kW/6.32COP/Vanes,1
#,ReformEIRChiller Trane CVHF 2300kW_8.10COP_Vanes,WATER,,LeavingCondenserWaterTemperature,,CHILLER,ELECTRIC,Reformulated,VARIABLE,WATERCOOLED,1.15,MZ-VAV,1.25,FLOOR,WATER,DUAL-MAX-LIMIT,5.361969['in H2O'],WATER,PNNL,WARMEST-ZONE,60.0['F'],COINCIDENT,FIXED-DRY-BULB,,,,,VARIABLE,0.9,,,0.5,0.805,ReformEIRChiller Trane CVHF 2300kW/8.10COP/Vanes,1
#,ReformEIRChiller Trane CVHF 2317kW_6.33COP_VSD,WATER,,LeavingCondenserWaterTemperature,,CHILLER,ELECTRIC,Reformulated,VARIABLE,WATERCOOLED,1.15,MZ-VAV,1.25,FLOOR,WATER,DUAL-MAX-LIMIT,5.361969['in H2O'],WATER,PNNL,WARMEST-ZONE,60.0['F'],COINCIDENT,FIXED-DRY-BULB,,,,,VARIABLE,0.9,,,0.5,0.805,ReformEIRChiller Trane CVHF 2317kW/6.33COP/VSD,1
#,ReformEIRChiller Carrier 19XR 2391kW_6.77COP_Vanes,WATER,,LeavingCondenserWaterTemperature,,CHILLER,ELECTRIC,Reformulated,VARIABLE,WATERCOOLED,1.15,MZ-VAV,1.25,FLOOR,WATER,DUAL-MAX-LIMIT,5.361969['in H2O'],WATER,PNNL,WARMEST-ZONE,60.0['F'],COINCIDENT,FIXED-DRY-BULB,,,,,VARIABLE,0.9,,,0.5,0.805,ReformEIRChiller Carrier 19XR 2391kW/6.77COP/Vanes,1
#,ReformEIRChiller Carrier 19XR 2391kW_6.44COP_VSD,WATER,,LeavingCondenserWaterTemperature,,CHILLER,ELECTRIC,Reformulated,VARIABLE,WATERCOOLED,1.15,MZ-VAV,1.25,FLOOR,WATER,DUAL-MAX-LIMIT,5.361969['in H2O'],WATER,PNNL,WARMEST-ZONE,60.0['F'],COINCIDENT,FIXED-DRY-BULB,,,,,VARIABLE,0.9,,,0.5,0.805,ReformEIRChiller Carrier 19XR 2391kW/6.44COP/VSD,1
#,ReformEIRChiller York YK 2412kW_5.58COP_Vanes,WATER,,LeavingCondenserWaterTemperature,,CHILLER,ELECTRIC,Reformulated,VARIABLE,WATERCOOLED,1.15,MZ-VAV,1.25,FLOOR,WATER,DUAL-MAX-LIMIT,5.361969['in H2O'],WATER,PNNL,WARMEST-ZONE,60.0['F'],COINCIDENT,FIXED-DRY-BULB,,,,,VARIABLE,0.9,,,0.5,0.805,ReformEIRChiller York YK 2412kW/5.58COP/Vanes,1
#,ReformEIRChiller McQuay PFH 2462kW_6.67COP_Vanes,WATER,,LeavingCondenserWaterTemperature,,CHILLER,ELECTRIC,Reformulated,VARIABLE,WATERCOOLED,1.15,MZ-VAV,1.25,FLOOR,WATER,DUAL-MAX-LIMIT,5.361969['in H2O'],WATER,PNNL,WARMEST-ZONE,60.0['F'],COINCIDENT,FIXED-DRY-BULB,,,,,VARIABLE,0.9,,,0.5,0.805,ReformEIRChiller McQuay PFH 2462kW/6.67COP/Vanes,1
#,ReformEIRChiller Trane CVHG670-44&86 2490kW_6.5COP,WATER,,LeavingCondenserWaterTemperature,,CHILLER,ELECTRIC,Reformulated,VARIABLE,WATERCOOLED,1.15,MZ-VAV,1.25,FLOOR,WATER,DUAL-MAX-LIMIT,5.361969['in H2O'],WATER,PNNL,WARMEST-ZONE,60.0['F'],COINCIDENT,FIXED-DRY-BULB,,,,,VARIABLE,0.9,,,0.5,0.805,ReformEIRChiller Trane CVHG670-44&86 2490kW/6.5COP,1
#,ReformEIRChiller Trane CVHF 2567kW_11.77COP_VSD,WATER,,LeavingCondenserWaterTemperature,,CHILLER,ELECTRIC,Reformulated,VARIABLE,WATERCOOLED,1.15,MZ-VAV,1.25,FLOOR,WATER,DUAL-MAX-LIMIT,5.361969['in H2O'],WATER,PNNL,WARMEST-ZONE,60.0['F'],COINCIDENT,FIXED-DRY-BULB,,,,,VARIABLE,0.9,,,0.5,0.805,ReformEIRChiller Trane CVHF 2567kW/11.77COP/VSD,1
#,ReformEIRChiller York YK 2771kW_6.84COP_VSD,WATER,,LeavingCondenserWaterTemperature,,CHILLER,ELECTRIC,Reformulated,VARIABLE,WATERCOOLED,1.15,MZ-VAV,1.25,FLOOR,WATER,DUAL-MAX-LIMIT,5.361969['in H2O'],WATER,PNNL,WARMEST-ZONE,60.0['F'],COINCIDENT,FIXED-DRY-BULB,,,,,VARIABLE,0.9,,,0.5,0.805,ReformEIRChiller York YK 2771kW/6.84COP/VSD,1
#,ReformEIRChiller Trane CVHF 2799kW_6.40COP_Vanes,WATER,,LeavingCondenserWaterTemperature,,CHILLER,ELECTRIC,Reformulated,VARIABLE,WATERCOOLED,1.15,MZ-VAV,1.25,FLOOR,WATER,DUAL-MAX-LIMIT,5.361969['in H2O'],WATER,PNNL,WARMEST-ZONE,60.0['F'],COINCIDENT,FIXED-DRY-BULB,,,,,VARIABLE,0.9,,,0.5,0.805,ReformEIRChiller Trane CVHF 2799kW/6.40COP/Vanes,1
#,ReformEIRChiller York YT 3133kW_9.16COP_Vanes,WATER,,LeavingCondenserWaterTemperature,,CHILLER,ELECTRIC,Reformulated,VARIABLE,WATERCOOLED,1.15,MZ-VAV,1.25,FLOOR,WATER,DUAL-MAX-LIMIT,5.361969['in H2O'],WATER,PNNL,WARMEST-ZONE,60.0['F'],COINCIDENT,FIXED-DRY-BULB,,,,,VARIABLE,0.9,,,0.5,0.805,ReformEIRChiller York YT 3133kW/9.16COP/Vanes,1
#,ReformEIRChiller McQuay PFH 3165kW_6.48COP_Vanes,WATER,,LeavingCondenserWaterTemperature,,CHILLER,ELECTRIC,Reformulated,VARIABLE,WATERCOOLED,1.15,MZ-VAV,1.25,FLOOR,WATER,DUAL-MAX-LIMIT,5.361969['in H2O'],WATER,PNNL,WARMEST-ZONE,60.0['F'],COINCIDENT,FIXED-DRY-BULB,,,,,VARIABLE,0.9,,,0.5,0.805,ReformEIRChiller McQuay PFH 3165kW/6.48COP/Vanes,1
#,ReformEIRChiller McQuay PFH 4020kW_7.35COP_Vanes,WATER,,LeavingCondenserWaterTemperature,,CHILLER,ELECTRIC,Reformulated,VARIABLE,WATERCOOLED,1.15,MZ-VAV,1.25,FLOOR,WATER,DUAL-MAX-LIMIT,5.361969['in H2O'],WATER,PNNL,WARMEST-ZONE,60.0['F'],COINCIDENT,FIXED-DRY-BULB,,,,,VARIABLE,0.9,,,0.5,0.805,ReformEIRChiller McQuay PFH 4020kW/7.35COP/Vanes,1
#,ReformEIRChiller York YK 4396kW_6.63COP_Vanes,WATER,,LeavingCondenserWaterTemperature,,CHILLER,ELECTRIC,Reformulated,VARIABLE,WATERCOOLED,1.15,MZ-VAV,1.25,FLOOR,WATER,DUAL-MAX-LIMIT,5.361969['in H2O'],WATER,PNNL,WARMEST-ZONE,60.0['F'],COINCIDENT,FIXED-DRY-BULB,,,,,VARIABLE,0.9,,,0.5,0.805,ReformEIRChiller York YK 4396kW/6.63COP/Vanes,1
#,ReformEIRChiller York YK 4477kW_6.64COP_Vanes,WATER,,LeavingCondenserWaterTemperature,,CHILLER,ELECTRIC,Reformulated,VARIABLE,WATERCOOLED,1.15,MZ-VAV,1.25,FLOOR,WATER,DUAL-MAX-LIMIT,5.361969['in H2O'],WATER,PNNL,WARMEST-ZONE,60.0['F'],COINCIDENT,FIXED-DRY-BULB,,,,,VARIABLE,0.9,,,0.5,0.805,ReformEIRChiller York YK 4477kW/6.64COP/Vanes,1
#,ReformEIRChiller York YK 4515kW_6.22COP_Vanes,WATER,,LeavingCondenserWaterTemperature,,CHILLER,ELECTRIC,Reformulated,VARIABLE,WATERCOOLED,1.15,MZ-VAV,1.25,FLOOR,WATER,DUAL-MAX-LIMIT,5.361969['in H2O'],WATER,PNNL,WARMEST-ZONE,60.0['F'],COINCIDENT,FIXED-DRY-BULB,,,,,VARIABLE,0.9,,,0.5,0.805,ReformEIRChiller York YK 4515kW/6.22COP/Vanes,1
#,ReformEIRChiller York YK 4537kW_6.28COP_Vanes,WATER,,LeavingCondenserWaterTemperature,,CHILLER,ELECTRIC,Reformulated,VARIABLE,WATERCOOLED,1.15,MZ-VAV,1.25,FLOOR,WATER,DUAL-MAX-LIMIT,5.361969['in H2O'],WATER,PNNL,WARMEST-ZONE,60.0['F'],COINCIDENT,FIXED-DRY-BULB,,,,,VARIABLE,0.9,,,0.5,0.805,ReformEIRChiller York YK 4537kW/6.28COP/Vanes,1
#,ReformEIRChiller Trane CVHF 4610kW_6.34COP_Vanes,WATER,,LeavingCondenserWaterTemperature,,CHILLER,ELECTRIC,Reformulated,VARIABLE,WATERCOOLED,1.15,MZ-VAV,1.25,FLOOR,WATER,DUAL-MAX-LIMIT,5.361969['in H2O'],WATER,PNNL,WARMEST-ZONE,60.0['F'],COINCIDENT,FIXED-DRY-BULB,,,,,VARIABLE,0.9,,,0.5,0.805,ReformEIRChiller Trane CVHF 4610kW/6.34COP/Vanes,1
#,ReformEIRChiller Carrier 19EX 4667kW_6.16COP_Vanes,WATER,,LeavingCondenserWaterTemperature,,CHILLER,ELECTRIC,Reformulated,VARIABLE,WATERCOOLED,1.15,MZ-VAV,1.25,FLOOR,WATER,DUAL-MAX-LIMIT,5.361969['in H2O'],WATER,PNNL,WARMEST-ZONE,60.0['F'],COINCIDENT,FIXED-DRY-BULB,,,,,VARIABLE,0.9,,,0.5,0.805,ReformEIRChiller Carrier 19EX 4667kW/6.16COP/Vanes,1
#,ReformEIRChiller Trane CVHF 4677kW_6.27COP_Vanes,WATER,,LeavingCondenserWaterTemperature,,CHILLER,ELECTRIC,Reformulated,VARIABLE,WATERCOOLED,1.15,MZ-VAV,1.25,FLOOR,WATER,DUAL-MAX-LIMIT,5.361969['in H2O'],WATER,PNNL,WARMEST-ZONE,60.0['F'],COINCIDENT,FIXED-DRY-BULB,,,,,VARIABLE,0.9,,,0.5,0.805,ReformEIRChiller Trane CVHF 4677kW/6.27COP/Vanes,1
#,ReformEIRChiller York YK 4966kW_6.05COP_Vanes,WATER,,LeavingCondenserWaterTemperature,,CHILLER,ELECTRIC,Reformulated,VARIABLE,WATERCOOLED,1.15,MZ-VAV,1.25,FLOOR,WATER,DUAL-MAX-LIMIT,5.361969['in H2O'],WATER,PNNL,WARMEST-ZONE,60.0['F'],COINCIDENT,FIXED-DRY-BULB,,,,,VARIABLE,0.9,,,0.5,0.805,ReformEIRChiller York YK 4966kW/6.05COP/Vanes,1
#,ReformEIRChiller York YK 4969kW_7.14COP_Vanes,WATER,,LeavingCondenserWaterTemperature,,CHILLER,ELECTRIC,Reformulated,VARIABLE,WATERCOOLED,1.15,MZ-VAV,1.25,FLOOR,WATER,DUAL-MAX-LIMIT,5.361969['in H2O'],WATER,PNNL,WARMEST-ZONE,60.0['F'],COINCIDENT,FIXED-DRY-BULB,,,,,VARIABLE,0.9,,,0.5,0.805,ReformEIRChiller York YK 4969kW/7.14COP/Vanes,1
#,ReformEIRChiller York YK 4969kW_7.07COP_Vanes,WATER,,LeavingCondenserWaterTemperature,,CHILLER,ELECTRIC,Reformulated,VARIABLE,WATERCOOLED,1.15,MZ-VAV,1.25,FLOOR,WATER,DUAL-MAX-LIMIT,5.361969['in H2O'],WATER,PNNL,WARMEST-ZONE,60.0['F'],COINCIDENT,FIXED-DRY-BULB,,,,,VARIABLE,0.9,,,0.5,0.805,ReformEIRChiller York YK 4969kW/7.07COP/Vanes,1
#,ReformEIRChiller Carrier 19EX 4997kW_6.40COP_Vanes,WATER,,LeavingCondenserWaterTemperature,,CHILLER,ELECTRIC,Reformulated,VARIABLE,WATERCOOLED,1.15,MZ-VAV,1.25,FLOOR,WATER,DUAL-MAX-LIMIT,5.361969['in H2O'],WATER,PNNL,WARMEST-ZONE,60.0['F'],COINCIDENT,FIXED-DRY-BULB,,,,,VARIABLE,0.9,,,0.5,0.805,ReformEIRChiller Carrier 19EX 4997kW/6.40COP/Vanes,1
#,ReformEIRChiller Carrier 19EX 5148kW_6.34COP_Vanes,WATER,,LeavingCondenserWaterTemperature,,CHILLER,ELECTRIC,Reformulated,VARIABLE,WATERCOOLED,1.15,MZ-VAV,1.25,FLOOR,WATER,DUAL-MAX-LIMIT,5.361969['in H2O'],WATER,PNNL,WARMEST-ZONE,60.0['F'],COINCIDENT,FIXED-DRY-BULB,,,,,VARIABLE,0.9,,,0.5,0.805,ReformEIRChiller Carrier 19EX 5148kW/6.34COP/Vanes,1
#,ReformEIRChiller York YK 5170kW_7.15COP_Vanes,WATER,,LeavingCondenserWaterTemperature,,CHILLER,ELECTRIC,Reformulated,VARIABLE,WATERCOOLED,1.15,MZ-VAV,1.25,FLOOR,WATER,DUAL-MAX-LIMIT,5.361969['in H2O'],WATER,PNNL,WARMEST-ZONE,60.0['F'],COINCIDENT,FIXED-DRY-BULB,,,,,VARIABLE,0.9,,,0.5,0.805,ReformEIRChiller York YK 5170kW/7.15COP/Vanes,1
#,ReformEIRChiller Carrier 19EX 5208kW_6.88COP_Vanes,WATER,,LeavingCondenserWaterTemperature,,CHILLER,ELECTRIC,Reformulated,VARIABLE,WATERCOOLED,1.15,MZ-VAV,1.25,FLOOR,WATER,DUAL-MAX-LIMIT,5.361969['in H2O'],WATER,PNNL,WARMEST-ZONE,60.0['F'],COINCIDENT,FIXED-DRY-BULB,,,,,VARIABLE,0.9,,,0.5,0.805,ReformEIRChiller Carrier 19EX 5208kW/6.88COP/Vanes,1
#,ReformEIRChiller York YK 5465kW_6.94COP_Vanes,WATER,,LeavingCondenserWaterTemperature,,CHILLER,ELECTRIC,Reformulated,VARIABLE,WATERCOOLED,1.15,MZ-VAV,1.25,FLOOR,WATER,DUAL-MAX-LIMIT,5.361969['in H2O'],WATER,PNNL,WARMEST-ZONE,60.0['F'],COINCIDENT,FIXED-DRY-BULB,,,,,VARIABLE,0.9,,,0.5,0.805,ReformEIRChiller York YK 5465kW/6.94COP/Vanes,1
#,ReformEIRChiller York YK 5549kW_6.50COP_Vanes,WATER,,LeavingCondenserWaterTemperature,,CHILLER,ELECTRIC,Reformulated,VARIABLE,WATERCOOLED,1.15,MZ-VAV,1.25,FLOOR,WATER,DUAL-MAX-LIMIT,5.361969['in H2O'],WATER,PNNL,WARMEST-ZONE,60.0['F'],COINCIDENT,FIXED-DRY-BULB,,,,,VARIABLE,0.9,,,0.5,0.805,ReformEIRChiller York YK 5549kW/6.50COP/Vanes,1
#,ReformEIRChiller Carrier 19FA 5651kW_5.50COP_Vanes,WATER,,LeavingCondenserWaterTemperature,,CHILLER,ELECTRIC,Reformulated,VARIABLE,WATERCOOLED,1.15,MZ-VAV,1.25,FLOOR,WATER,DUAL-MAX-LIMIT,5.361969['in H2O'],WATER,PNNL,WARMEST-ZONE,60.0['F'],COINCIDENT,FIXED-DRY-BULB,,,,,VARIABLE,0.9,,,0.5,0.805,ReformEIRChiller Carrier 19FA 5651kW/5.50COP/Vanes,1
#,ReformEIRChiller Multistack MS 172kW_3.67COP_None,WATER,,LeavingCondenserWaterTemperature,,CHILLER,ELECTRIC,Reformulated,VARIABLE,WATERCOOLED,1.15,MZ-VAV,1.25,FLOOR,WATER,DUAL-MAX-LIMIT,5.361969['in H2O'],WATER,PNNL,WARMEST-ZONE,60.0['F'],COINCIDENT,FIXED-DRY-BULB,,,,,VARIABLE,0.9,,,0.5,0.805,ReformEIRChiller Multistack MS 172kW/3.67COP/None,1
#,ReformEIRChiller Trane RTWA 383kW_4.17COP_Valve,WATER,,LeavingCondenserWaterTemperature,,CHILLER,ELECTRIC,Reformulated,VARIABLE,WATERCOOLED,1.15,MZ-VAV,1.25,FLOOR,WATER,DUAL-MAX-LIMIT,5.361969['in H2O'],WATER,PNNL,WARMEST-ZONE,60.0['F'],COINCIDENT,FIXED-DRY-BULB,,,,,VARIABLE,0.9,,,0.5,0.805,ReformEIRChiller Trane RTWA 383kW/4.17COP/Valve,1
#,ReformEIRChiller Trane RTHB 531kW_4.83COP_Valve,WATER,,LeavingCondenserWaterTemperature,,CHILLER,ELECTRIC,Reformulated,VARIABLE,WATERCOOLED,1.15,MZ-VAV,1.25,FLOOR,WATER,DUAL-MAX-LIMIT,5.361969['in H2O'],WATER,PNNL,WARMEST-ZONE,60.0['F'],COINCIDENT,FIXED-DRY-BULB,,,,,VARIABLE,0.9,,,0.5,0.805,ReformEIRChiller Trane RTHB 531kW/4.83COP/Valve,1
#,ReformEIRChiller Trane RTHB 538kW_5.12COP_Valve,WATER,,LeavingCondenserWaterTemperature,,CHILLER,ELECTRIC,Reformulated,VARIABLE,WATERCOOLED,1.15,MZ-VAV,1.25,FLOOR,WATER,DUAL-MAX-LIMIT,5.361969['in H2O'],WATER,PNNL,WARMEST-ZONE,60.0['F'],COINCIDENT,FIXED-DRY-BULB,,,,,VARIABLE,0.9,,,0.5,0.805,ReformEIRChiller Trane RTHB 538kW/5.12COP/Valve,1
#,ReformEIRChiller Trane RTHB 542kW_5.26COP_Valve,WATER,,LeavingCondenserWaterTemperature,,CHILLER,ELECTRIC,Reformulated,VARIABLE,WATERCOOLED,1.15,MZ-VAV,1.25,FLOOR,WATER,DUAL-MAX-LIMIT,5.361969['in H2O'],WATER,PNNL,WARMEST-ZONE,60.0['F'],COINCIDENT,FIXED-DRY-BULB,,,,,VARIABLE,0.9,,,0.5,0.805,ReformEIRChiller Trane RTHB 542kW/5.26COP/Valve,1
#,ReformEIRChiller York YS 672kW_7.90COP_Valve,WATER,,LeavingCondenserWaterTemperature,,CHILLER,ELECTRIC,Reformulated,VARIABLE,WATERCOOLED,1.15,MZ-VAV,1.25,FLOOR,WATER,DUAL-MAX-LIMIT,5.361969['in H2O'],WATER,PNNL,WARMEST-ZONE,60.0['F'],COINCIDENT,FIXED-DRY-BULB,,,,,VARIABLE,0.9,,,0.5,0.805,ReformEIRChiller York YS 672kW/7.90COP/Valve,1
#,ReformEIRChiller Carrier 23XL 686kW_5.91COP_Valve,WATER,,LeavingCondenserWaterTemperature,,CHILLER,ELECTRIC,Reformulated,VARIABLE,WATERCOOLED,1.15,MZ-VAV,1.25,FLOOR,WATER,DUAL-MAX-LIMIT,5.361969['in H2O'],WATER,PNNL,WARMEST-ZONE,60.0['F'],COINCIDENT,FIXED-DRY-BULB,,,,,VARIABLE,0.9,,,0.5,0.805,ReformEIRChiller Carrier 23XL 686kW/5.91COP/Valve,1
#,ReformEIRChiller Trane RTHC 707kW_7.77COP_Valve,WATER,,LeavingCondenserWaterTemperature,,CHILLER,ELECTRIC,Reformulated,VARIABLE,WATERCOOLED,1.15,MZ-VAV,1.25,FLOOR,WATER,DUAL-MAX-LIMIT,5.361969['in H2O'],WATER,PNNL,WARMEST-ZONE,60.0['F'],COINCIDENT,FIXED-DRY-BULB,,,,,VARIABLE,0.9,,,0.5,0.805,ReformEIRChiller Trane RTHC 707kW/7.77COP/Valve,1
#,ReformEIRChiller York YS 756kW_7.41COP_Valve,WATER,,LeavingCondenserWaterTemperature,,CHILLER,ELECTRIC,Reformulated,VARIABLE,WATERCOOLED,1.15,MZ-VAV,1.25,FLOOR,WATER,DUAL-MAX-LIMIT,5.361969['in H2O'],WATER,PNNL,WARMEST-ZONE,60.0['F'],COINCIDENT,FIXED-DRY-BULB,,,,,VARIABLE,0.9,,,0.5,0.805,ReformEIRChiller York YS 756kW/7.41COP/Valve,1
#,ReformEIRChiller York YS 781kW_5.42COP_Valve,WATER,,LeavingCondenserWaterTemperature,,CHILLER,ELECTRIC,Reformulated,VARIABLE,WATERCOOLED,1.15,MZ-VAV,1.25,FLOOR,WATER,DUAL-MAX-LIMIT,5.361969['in H2O'],WATER,PNNL,WARMEST-ZONE,60.0['F'],COINCIDENT,FIXED-DRY-BULB,,,,,VARIABLE,0.9,,,0.5,0.805,ReformEIRChiller York YS 781kW/5.42COP/Valve,1
#,ReformEIRChiller Carrier 23XL 830kW_6.97COP_Valve,WATER,,LeavingCondenserWaterTemperature,,CHILLER,ELECTRIC,Reformulated,VARIABLE,WATERCOOLED,1.15,MZ-VAV,1.25,FLOOR,WATER,DUAL-MAX-LIMIT,5.361969['in H2O'],WATER,PNNL,WARMEST-ZONE,60.0['F'],COINCIDENT,FIXED-DRY-BULB,,,,,VARIABLE,0.9,,,0.5,0.805,ReformEIRChiller Carrier 23XL 830kW/6.97COP/Valve,1
#,ReformEIRChiller Carrier 23XL 862kW_6.11COP_Valve,WATER,,LeavingCondenserWaterTemperature,,CHILLER,ELECTRIC,Reformulated,VARIABLE,WATERCOOLED,1.15,MZ-VAV,1.25,FLOOR,WATER,DUAL-MAX-LIMIT,5.361969['in H2O'],WATER,PNNL,WARMEST-ZONE,60.0['F'],COINCIDENT,FIXED-DRY-BULB,,,,,VARIABLE,0.9,,,0.5,0.805,ReformEIRChiller Carrier 23XL 862kW/6.11COP/Valve,1
#,ReformEIRChiller Carrier 23XL 862kW_6.84COP_Valve,WATER,,LeavingCondenserWaterTemperature,,CHILLER,ELECTRIC,Reformulated,VARIABLE,WATERCOOLED,1.15,MZ-VAV,1.25,FLOOR,WATER,DUAL-MAX-LIMIT,5.361969['in H2O'],WATER,PNNL,WARMEST-ZONE,60.0['F'],COINCIDENT,FIXED-DRY-BULB,,,,,VARIABLE,0.9,,,0.5,0.805,ReformEIRChiller Carrier 23XL 862kW/6.84COP/Valve,1
#,ReformEIRChiller Carrier 23XL 865kW_6.05COP_Valve,WATER,,LeavingCondenserWaterTemperature,,CHILLER,ELECTRIC,Reformulated,VARIABLE,WATERCOOLED,1.15,MZ-VAV,1.25,FLOOR,WATER,DUAL-MAX-LIMIT,5.361969['in H2O'],WATER,PNNL,WARMEST-ZONE,60.0['F'],COINCIDENT,FIXED-DRY-BULB,,,,,VARIABLE,0.9,,,0.5,0.805,ReformEIRChiller Carrier 23XL 865kW/6.05COP/Valve,1
#,ReformEIRChiller York YS 879kW_5.82COP_Valve,WATER,,LeavingCondenserWaterTemperature,,CHILLER,ELECTRIC,Reformulated,VARIABLE,WATERCOOLED,1.15,MZ-VAV,1.25,FLOOR,WATER,DUAL-MAX-LIMIT,5.361969['in H2O'],WATER,PNNL,WARMEST-ZONE,60.0['F'],COINCIDENT,FIXED-DRY-BULB,,,,,VARIABLE,0.9,,,0.5,0.805,ReformEIRChiller York YS 879kW/5.82COP/Valve,1
#,ReformEIRChiller Trane RTHC 1009kW_5.37COP_Valve,WATER,,LeavingCondenserWaterTemperature,,CHILLER,ELECTRIC,Reformulated,VARIABLE,WATERCOOLED,1.15,MZ-VAV,1.25,FLOOR,WATER,DUAL-MAX-LIMIT,5.361969['in H2O'],WATER,PNNL,WARMEST-ZONE,60.0['F'],COINCIDENT,FIXED-DRY-BULB,,,,,VARIABLE,0.9,,,0.5,0.805,ReformEIRChiller Trane RTHC 1009kW/5.37COP/Valve,1
#,ReformEIRChiller Trane RTHB 1051kW_5.05COP_Valve,WATER,,LeavingCondenserWaterTemperature,,CHILLER,ELECTRIC,Reformulated,VARIABLE,WATERCOOLED,1.15,MZ-VAV,1.25,FLOOR,WATER,DUAL-MAX-LIMIT,5.361969['in H2O'],WATER,PNNL,WARMEST-ZONE,60.0['F'],COINCIDENT,FIXED-DRY-BULB,,,,,VARIABLE,0.9,,,0.5,0.805,ReformEIRChiller Trane RTHB 1051kW/5.05COP/Valve,1
#,ReformEIRChiller Carrier 23XL 1062kW_5.50COP_Valve,WATER,,LeavingCondenserWaterTemperature,,CHILLER,ELECTRIC,Reformulated,VARIABLE,WATERCOOLED,1.15,MZ-VAV,1.25,FLOOR,WATER,DUAL-MAX-LIMIT,5.361969['in H2O'],WATER,PNNL,WARMEST-ZONE,60.0['F'],COINCIDENT,FIXED-DRY-BULB,,,,,VARIABLE,0.9,,,0.5,0.805,ReformEIRChiller Carrier 23XL 1062kW/5.50COP/Valve,1
#,ReformEIRChiller Trane RTHC 1066kW_5.73COP_Valve,WATER,,LeavingCondenserWaterTemperature,,CHILLER,ELECTRIC,Reformulated,VARIABLE,WATERCOOLED,1.15,MZ-VAV,1.25,FLOOR,WATER,DUAL-MAX-LIMIT,5.361969['in H2O'],WATER,PNNL,WARMEST-ZONE,60.0['F'],COINCIDENT,FIXED-DRY-BULB,,,,,VARIABLE,0.9,,,0.5,0.805,ReformEIRChiller Trane RTHC 1066kW/5.73COP/Valve,1
#,ReformEIRChiller Trane RTHC 1094kW_6.55COP_Valve,WATER,,LeavingCondenserWaterTemperature,,CHILLER,ELECTRIC,Reformulated,VARIABLE,WATERCOOLED,1.15,MZ-VAV,1.25,FLOOR,WATER,DUAL-MAX-LIMIT,5.361969['in H2O'],WATER,PNNL,WARMEST-ZONE,60.0['F'],COINCIDENT,FIXED-DRY-BULB,,,,,VARIABLE,0.9,,,0.5,0.805,ReformEIRChiller Trane RTHC 1094kW/6.55COP/Valve,1
#,ReformEIRChiller Carrier 23XL 1108kW_6.92COP_Valve,WATER,,LeavingCondenserWaterTemperature,,CHILLER,ELECTRIC,Reformulated,VARIABLE,WATERCOOLED,1.15,MZ-VAV,1.25,FLOOR,WATER,DUAL-MAX-LIMIT,5.361969['in H2O'],WATER,PNNL,WARMEST-ZONE,60.0['F'],COINCIDENT,FIXED-DRY-BULB,,,,,VARIABLE,0.9,,,0.5,0.805,ReformEIRChiller Carrier 23XL 1108kW/6.92COP/Valve,1
#,ReformEIRChiller York YS 1171kW_9.15COP_Valve,WATER,,LeavingCondenserWaterTemperature,,CHILLER,ELECTRIC,Reformulated,VARIABLE,WATERCOOLED,1.15,MZ-VAV,1.25,FLOOR,WATER,DUAL-MAX-LIMIT,5.361969['in H2O'],WATER,PNNL,WARMEST-ZONE,60.0['F'],COINCIDENT,FIXED-DRY-BULB,,,,,VARIABLE,0.9,,,0.5,0.805,ReformEIRChiller York YS 1171kW/9.15COP/Valve,1
#,ReformEIRChiller Carrier 23XL 1196kW_6.39COP_Valve,WATER,,LeavingCondenserWaterTemperature,,CHILLER,ELECTRIC,Reformulated,VARIABLE,WATERCOOLED,1.15,MZ-VAV,1.25,FLOOR,WATER,DUAL-MAX-LIMIT,5.361969['in H2O'],WATER,PNNL,WARMEST-ZONE,60.0['F'],COINCIDENT,FIXED-DRY-BULB,,,,,VARIABLE,0.9,,,0.5,0.805,ReformEIRChiller Carrier 23XL 1196kW/6.39COP/Valve,1
#,ReformEIRChiller York YS 1554kW_9.31COP_Valve,WATER,,LeavingCondenserWaterTemperature,,CHILLER,ELECTRIC,Reformulated,VARIABLE,WATERCOOLED,1.15,MZ-VAV,1.25,FLOOR,WATER,DUAL-MAX-LIMIT,5.361969['in H2O'],WATER,PNNL,WARMEST-ZONE,60.0['F'],COINCIDENT,FIXED-DRY-BULB,,,,,VARIABLE,0.9,,,0.5,0.805,ReformEIRChiller York YS 1554kW/9.31COP/Valve,1
#,ReformEIRChiller York YS 1758kW_5.84COP_Valve,WATER,,LeavingCondenserWaterTemperature,,CHILLER,ELECTRIC,Reformulated,VARIABLE,WATERCOOLED,1.15,MZ-VAV,1.25,FLOOR,WATER,DUAL-MAX-LIMIT,5.361969['in H2O'],WATER,PNNL,WARMEST-ZONE,60.0['F'],COINCIDENT,FIXED-DRY-BULB,,,,,VARIABLE,0.9,,,0.5,0.805,ReformEIRChiller York YS 1758kW/5.84COP/Valve,1
#,ReformEIRChiller Trane CGWD 207kW_3.99COP_None,WATER,,LeavingCondenserWaterTemperature,,CHILLER,ELECTRIC,Reformulated,VARIABLE,WATERCOOLED,1.15,MZ-VAV,1.25,FLOOR,WATER,DUAL-MAX-LIMIT,5.361969['in H2O'],WATER,PNNL,WARMEST-ZONE,60.0['F'],COINCIDENT,FIXED-DRY-BULB,,,,,VARIABLE,0.9,,,0.5,0.805,ReformEIRChiller Trane CGWD 207kW/3.99COP/None,1
